FORENAME;NAME;COUNTRY;BIRTH_DATE;HOBBIES;GUEST_ANIMAL_ALLERGY;HOST_HAS_ANIMAL;GUEST_FOOD;HOST_FOOD;GENDER;PAIR_GENDER;HISTORY
A;A;ITALY;2009-06-01;a,b,c,d,e,f,g,h,i,j,k,l,m,n,o,p,q,r,s,t,u,v,w,x,y,z,aa,bb,cc,dd,ee,ff,gg,hh,ii,jj,kk,ll,mm,nn,oo,pp,qq,rr,ss,tt,uu,vv,ww,xx;yes;yes;;;female;;
B;B;ITALY;2009-06-01;;no;yes;;;male;;
C;C;GERMANY;2009-06-01;;no;no;;;female;;
D;D;GERMANY;2009-06-01;a,b,c,d,e,f,g,h,i,j,k,l,m,n,o,p,q,r,s,t,u,v,w,x,y,z,aa,bb,cc,dd,ee,ff,gg,hh,ii,jj,kk,ll,mm,nn,oo,pp,qq,rr,ss,tt,uu,vv,ww,xx;no;yes;;;male;;
